marker_id,primer_fwd,primer_rev,seq,chrom,start
Chr01,GTGACCTATGAACTCAGGAGTCCCCTTGTTGCAATGCACAAGGA,CTGAGACTTGCACATCGCAGCTAACATGGCAGGGGAGGAGTG,TTTTATTTGCCTCATCACTGCTTAGCATTTCTTCAATAAAGTGAGTCGCATCTAGCAGACTGTAAAACAGGTCTTCTTGTACGTCGTCCCTCACGTAGTAGGTTCTGTAGGAAAGAGGGGCTTCGAATCTGTTGGGG,PvP01_01_v1,612222
Chr02,GTGACCTATGAACTCAGGAGTCTATGCACCCCTTCAAATTAATACT,CTGAGACTTGCACATCGCAGCTAAAGAAAGAGGTACGCTGCCT,CCTAACGATTTCATCCTTTGAATCTTCCATCATTTGTAAAATTCTCAATGCTATGTGCCCTCCCATTGAGTACCCAAGGAAATAGATGGGAAGGTTTTTGCCATTTGGGGAGTGTTCCTTGTT,PvP01_02_v1,62503
Chr03,GTGACCTATGAACTCAGGAGTCCACGTTATGGGGCTGATGTGTA,CTGAGACTTGCACATCGCAGCCCGATTATACTCGCGGAGGATA,GGAAGGGGAGTCACCCTGCTGAGGAACGCGCTTATAATTCCGCGCACATGAAAGTGCACATGCTTGCGTTTGTTCATGTGTGCGTTTTGTTTATGTACTAATGTTCTTGTCGTATGTCTGCTTATA,PvP01_03_v1,129741
Chr05,GTGACCTATGAACTCAGGAGTCCGCACTGGTACGTCCAAACTAT,CTGAGACTTGCACATCGCAGCGCAGTACACCTCCTTAGGATCT,CATATGATATATCCTTTTTTTTTTCTTTGTCATGGGCAGGCTTTACCGCTATTTTGTGTATTATTTTCGAGTATCTCTTCTTTCTTTTAATTCCAAGCAG,PvP01_05_v1,1412445
Chr07,GTGACCTATGAACTCAGGAGTCGAGCTCTACAAGACGCACTT,CTGAGACTTGCACATCGCAGCCTCCAACTCGGCCTTTTT,GACTGCAGTGAATGCACAGATTAAGAAAGTCGAAGATGATATTAACACACAAAATGAGGAGCTTAAAAAGATAGAAAATGAAGCCAATAAAACTGCTGAAAAGGCTAAATTTACTGCC,PvP01_07_v1,1219847
Chr08,GTGACCTATGAACTCAGGAGTCCACTTACTACGCGGTGCCCA,CTGAGACTTGCACATCGCAGCTGTGCATGAAACGAAGCCTAC,CGGGGGGTCCATCCATCAGATTTGCTACTTATAGAATGGCCAAGACAAATGACTCATCTGTTTAGTAGTGGTTAAAGTGTACAAGAGAGGCACTTATTGAGCGATTGGCAAATTTCCATATTAGCTACGAAGATGCTTA,PvP01_08_v1,1610537
Chr09,GTGACCTATGAACTCAGGAGTCTCCTGTTTTTGGAAAGGGTATCG,CTGAGACTTGCACATCGCAGCATCATCTCTACATTGTCTTTATACCTTT,TCATAGAGAATTCCGCTGTTAGCTTCTTAACCCCTGTGGCTACAGGAGATCAGAGGCTGAAGGATGGAGGTTTCGCCTTCCCCAAAGCGGATGACCATATCTCCCCCATGACATTAGCAACCTTAAGG,PvP01_09_v1,1459600
Chr10,GTGACCTATGAACTCAGGAGTCAACAGACTGAACGCAAAAACAG,CTGAGACTTGCACATCGCAGCCACAAACAGTGGGAAGAGGG,ATAGCACTTCATTCGCTAGCGTTATATGCCACAATTGCTTAAAACGAATGAGATACACCTTTAGCAGATCGCTAAATCCTTCGATGTGT,PvP01_10_v1,1354022
Chr11,GTGACCTATGAACTCAGGAGTCCTGTAGGAGAGGTATCTTCGCC,CTGAGACTTGCACATCGCAGCAGGTGGGGAAAAAGGGTTTGC,AAGAGGTGTGGCGGGGCGGCCCGCCTGAATGGCAAGCGGCTTTGCTCGTGCCACTTTGCTGCACCATCGCTGCATTGTGGCTGCCTTATCGCCGCCCTTTCCACCATTAGTGAACCGCCGAAACAGCCC,PvP01_11_v1,1872223
Chr13,GTGACCTATGAACTCAGGAGTCGTCGTTGCCTCATGTGACAAAT,CTGAGACTTGCACATCGCAGCGTCCATTTTGTTTGATATTCGAAAAAA,GGTTAGGAGGGATAGACTCGTACACTCCGTGGAATGATTCCTTTTTTTTTTTTTTTCCTATTTCCATTTTCAGGGACTTGAGCATTTTCCTATCCTTGAAAAGA,PvP01_13_v1,2030854
Chr14,GTGACCTATGAACTCAGGAGTCAAGCATAATGAGTACAAGCAGC,CTGAGACTTGCACATCGCAGCATATATTTCAAGCATAATTTCGTACGTA,AATTAGATGCATACAAAAACTGTGTACAGGCAAATATGAAATCATACACAGATAGGATGTCAAATTTTAATGAAAAAATCTATTCAATTTTAAATAGTGTGAAATGCACAGATGCATGTGAAACTGA,PvP01_14_v1,114293
